"","V1"
"1","Error in loadNamespace(name) : there is no package called ‘binomialRF’
"
"2","Error in loadNamespace(name) : there is no package called ‘binomialRF’
"
"3","Error in loadNamespace(name) : there is no package called ‘binomialRF’
"
"4","Error in loadNamespace(name) : there is no package called ‘binomialRF’
"
"5","Error in loadNamespace(name) : there is no package called ‘binomialRF’
"
"6","Error in loadNamespace(name) : there is no package called ‘binomialRF’
"
"7","Error in loadNamespace(name) : there is no package called ‘binomialRF’
"
"8","Error in loadNamespace(name) : there is no package called ‘binomialRF’
"
"9","Error in loadNamespace(name) : there is no package called ‘binomialRF’
"
"10","Error in loadNamespace(name) : there is no package called ‘binomialRF’
"
"11","Error in loadNamespace(name) : there is no package called ‘binomialRF’
"
"12","Error in loadNamespace(name) : there is no package called ‘binomialRF’
"
"13","Error in loadNamespace(name) : there is no package called ‘binomialRF’
"
"14","Error in loadNamespace(name) : there is no package called ‘binomialRF’
"
"15","Error in loadNamespace(name) : there is no package called ‘binomialRF’
"
"16","Error in loadNamespace(name) : there is no package called ‘binomialRF’
"
"17","Error in loadNamespace(name) : there is no package called ‘binomialRF’
"
"18","Error in loadNamespace(name) : there is no package called ‘binomialRF’
"
"19","Error in loadNamespace(name) : there is no package called ‘binomialRF’
"
"20","Error in loadNamespace(name) : there is no package called ‘binomialRF’
"
"21","Error in loadNamespace(name) : there is no package called ‘binomialRF’
"
"22","Error in loadNamespace(name) : there is no package called ‘binomialRF’
"
"23","Error in loadNamespace(name) : there is no package called ‘binomialRF’
"
"24","Error in loadNamespace(name) : there is no package called ‘binomialRF’
"
"25","Error in loadNamespace(name) : there is no package called ‘binomialRF’
"
"26","Error in loadNamespace(name) : there is no package called ‘binomialRF’
"
"27","Error in loadNamespace(name) : there is no package called ‘binomialRF’
"
"28","Error in loadNamespace(name) : there is no package called ‘binomialRF’
"
"29","Error in loadNamespace(name) : there is no package called ‘binomialRF’
"
"30","Error in loadNamespace(name) : there is no package called ‘binomialRF’
"
"31","Error in loadNamespace(name) : there is no package called ‘binomialRF’
"
"32","Error in loadNamespace(name) : there is no package called ‘binomialRF’
"
"33","Error in loadNamespace(name) : there is no package called ‘binomialRF’
"
"34","Error in loadNamespace(name) : there is no package called ‘binomialRF’
"
"35","Error in loadNamespace(name) : there is no package called ‘binomialRF’
"
"36","Error in loadNamespace(name) : there is no package called ‘binomialRF’
"
"37","Error in loadNamespace(name) : there is no package called ‘binomialRF’
"
"38","Error in loadNamespace(name) : there is no package called ‘binomialRF’
"
"39","Error in loadNamespace(name) : there is no package called ‘binomialRF’
"
"40","Error in loadNamespace(name) : there is no package called ‘binomialRF’
"
"41","Error in loadNamespace(name) : there is no package called ‘binomialRF’
"
"42","Error in loadNamespace(name) : there is no package called ‘binomialRF’
"
"43","Error in loadNamespace(name) : there is no package called ‘binomialRF’
"
"44","Error in loadNamespace(name) : there is no package called ‘binomialRF’
"
"45","Error in loadNamespace(name) : there is no package called ‘binomialRF’
"
"46","Error in loadNamespace(name) : there is no package called ‘binomialRF’
"
"47","Error in loadNamespace(name) : there is no package called ‘binomialRF’
"
"48","Error in loadNamespace(name) : there is no package called ‘binomialRF’
"
"49","Error in loadNamespace(name) : there is no package called ‘binomialRF’
"
"50","Error in loadNamespace(name) : there is no package called ‘binomialRF’
"
"51","Error in loadNamespace(name) : there is no package called ‘binomialRF’
"
"52","Error in loadNamespace(name) : there is no package called ‘binomialRF’
"
"53","Error in loadNamespace(name) : there is no package called ‘binomialRF’
"
"54","Error in loadNamespace(name) : there is no package called ‘binomialRF’
"
"55","Error in loadNamespace(name) : there is no package called ‘binomialRF’
"
"56","Error in loadNamespace(name) : there is no package called ‘binomialRF’
"
"57","Error in loadNamespace(name) : there is no package called ‘binomialRF’
"
"58","Error in loadNamespace(name) : there is no package called ‘binomialRF’
"
"59","Error in loadNamespace(name) : there is no package called ‘binomialRF’
"
"60","Error in loadNamespace(name) : there is no package called ‘binomialRF’
"
"61","Error in loadNamespace(name) : there is no package called ‘binomialRF’
"
"62","Error in loadNamespace(name) : there is no package called ‘binomialRF’
"
"63","Error in loadNamespace(name) : there is no package called ‘binomialRF’
"
"64","Error in loadNamespace(name) : there is no package called ‘binomialRF’
"
"65","Error in loadNamespace(name) : there is no package called ‘binomialRF’
"
"66","Error in loadNamespace(name) : there is no package called ‘binomialRF’
"
"67","Error in loadNamespace(name) : there is no package called ‘binomialRF’
"
"68","Error in loadNamespace(name) : there is no package called ‘binomialRF’
"
"69","Error in loadNamespace(name) : there is no package called ‘binomialRF’
"
"70","Error in loadNamespace(name) : there is no package called ‘binomialRF’
"
"71","Error in loadNamespace(name) : there is no package called ‘binomialRF’
"
"72","Error in loadNamespace(name) : there is no package called ‘binomialRF’
"
"73","Error in loadNamespace(name) : there is no package called ‘binomialRF’
"
"74","Error in loadNamespace(name) : there is no package called ‘binomialRF’
"
"75","Error in loadNamespace(name) : there is no package called ‘binomialRF’
"
"76","Error in loadNamespace(name) : there is no package called ‘binomialRF’
"
"77","Error in loadNamespace(name) : there is no package called ‘binomialRF’
"
"78","Error in loadNamespace(name) : there is no package called ‘binomialRF’
"
"79","Error in loadNamespace(name) : there is no package called ‘binomialRF’
"
"80","Error in loadNamespace(name) : there is no package called ‘binomialRF’
"
"81","Error in loadNamespace(name) : there is no package called ‘binomialRF’
"
"82","Error in loadNamespace(name) : there is no package called ‘binomialRF’
"
"83","Error in loadNamespace(name) : there is no package called ‘binomialRF’
"
"84","Error in loadNamespace(name) : there is no package called ‘binomialRF’
"
"85","Error in loadNamespace(name) : there is no package called ‘binomialRF’
"
"86","Error in loadNamespace(name) : there is no package called ‘binomialRF’
"
"87","Error in loadNamespace(name) : there is no package called ‘binomialRF’
"
"88","Error in loadNamespace(name) : there is no package called ‘binomialRF’
"
"89","Error in loadNamespace(name) : there is no package called ‘binomialRF’
"
"90","Error in loadNamespace(name) : there is no package called ‘binomialRF’
"
"91","Error in loadNamespace(name) : there is no package called ‘binomialRF’
"
"92","Error in loadNamespace(name) : there is no package called ‘binomialRF’
"
"93","Error in loadNamespace(name) : there is no package called ‘binomialRF’
"
"94","Error in loadNamespace(name) : there is no package called ‘binomialRF’
"
"95","Error in loadNamespace(name) : there is no package called ‘binomialRF’
"
"96","Error in loadNamespace(name) : there is no package called ‘binomialRF’
"
"97","Error in loadNamespace(name) : there is no package called ‘binomialRF’
"
"98","Error in loadNamespace(name) : there is no package called ‘binomialRF’
"
"99","Error in loadNamespace(name) : there is no package called ‘binomialRF’
"
"100","Error in loadNamespace(name) : there is no package called ‘binomialRF’
"
"101","Error in loadNamespace(name) : there is no package called ‘binomialRF’
"
"102","Error in loadNamespace(name) : there is no package called ‘binomialRF’
"
"103","Error in loadNamespace(name) : there is no package called ‘binomialRF’
"
"104","Error in loadNamespace(name) : there is no package called ‘binomialRF’
"
"105","Error in loadNamespace(name) : there is no package called ‘binomialRF’
"
"106","Error in loadNamespace(name) : there is no package called ‘binomialRF’
"
"107","Error in loadNamespace(name) : there is no package called ‘binomialRF’
"
"108","Error in loadNamespace(name) : there is no package called ‘binomialRF’
"
"109","Error in loadNamespace(name) : there is no package called ‘binomialRF’
"
"110","Error in loadNamespace(name) : there is no package called ‘binomialRF’
"
"111","Error in loadNamespace(name) : there is no package called ‘binomialRF’
"
"112","Error in loadNamespace(name) : there is no package called ‘binomialRF’
"
"113","Error in loadNamespace(name) : there is no package called ‘binomialRF’
"
"114","Error in loadNamespace(name) : there is no package called ‘binomialRF’
"
"115","Error in loadNamespace(name) : there is no package called ‘binomialRF’
"
"116","Error in loadNamespace(name) : there is no package called ‘binomialRF’
"
"117","Error in loadNamespace(name) : there is no package called ‘binomialRF’
"
"118","Error in loadNamespace(name) : there is no package called ‘binomialRF’
"
"119","Error in loadNamespace(name) : there is no package called ‘binomialRF’
"
"120","Error in loadNamespace(name) : there is no package called ‘binomialRF’
"
"121","Error in loadNamespace(name) : there is no package called ‘binomialRF’
"
"122","Error in loadNamespace(name) : there is no package called ‘binomialRF’
"
"123","Error in loadNamespace(name) : there is no package called ‘binomialRF’
"
"124","Error in loadNamespace(name) : there is no package called ‘binomialRF’
"
"125","Error in loadNamespace(name) : there is no package called ‘binomialRF’
"
"126","Error in loadNamespace(name) : there is no package called ‘binomialRF’
"
"127","Error in loadNamespace(name) : there is no package called ‘binomialRF’
"
"128","Error in loadNamespace(name) : there is no package called ‘binomialRF’
"
"129","Error in loadNamespace(name) : there is no package called ‘binomialRF’
"
"130","Error in loadNamespace(name) : there is no package called ‘binomialRF’
"
"131","Error in loadNamespace(name) : there is no package called ‘binomialRF’
"
"132","Error in loadNamespace(name) : there is no package called ‘binomialRF’
"
"133","Error in loadNamespace(name) : there is no package called ‘binomialRF’
"
"134","Error in loadNamespace(name) : there is no package called ‘binomialRF’
"
"135","Error in loadNamespace(name) : there is no package called ‘binomialRF’
"
"136","Error in loadNamespace(name) : there is no package called ‘binomialRF’
"
"137","Error in loadNamespace(name) : there is no package called ‘binomialRF’
"
"138","Error in loadNamespace(name) : there is no package called ‘binomialRF’
"
"139","Error in loadNamespace(name) : there is no package called ‘binomialRF’
"
"140","Error in loadNamespace(name) : there is no package called ‘binomialRF’
"
"141","Error in loadNamespace(name) : there is no package called ‘binomialRF’
"
"142","Error in loadNamespace(name) : there is no package called ‘binomialRF’
"
"143","Error in loadNamespace(name) : there is no package called ‘binomialRF’
"
"144","Error in loadNamespace(name) : there is no package called ‘binomialRF’
"
"145","Error in loadNamespace(name) : there is no package called ‘binomialRF’
"
"146","Error in loadNamespace(name) : there is no package called ‘binomialRF’
"
"147","Error in loadNamespace(name) : there is no package called ‘binomialRF’
"
"148","Error in loadNamespace(name) : there is no package called ‘binomialRF’
"
"149","Error in loadNamespace(name) : there is no package called ‘binomialRF’
"
"150","Error in loadNamespace(name) : there is no package called ‘binomialRF’
"
"151","Error in loadNamespace(name) : there is no package called ‘binomialRF’
"
"152","Error in loadNamespace(name) : there is no package called ‘binomialRF’
"
"153","Error in loadNamespace(name) : there is no package called ‘binomialRF’
"
"154","Error in loadNamespace(name) : there is no package called ‘binomialRF’
"
"155","Error in loadNamespace(name) : there is no package called ‘binomialRF’
"
"156","Error in loadNamespace(name) : there is no package called ‘binomialRF’
"
"157","Error in loadNamespace(name) : there is no package called ‘binomialRF’
"
"158","Error in loadNamespace(name) : there is no package called ‘binomialRF’
"
"159","Error in loadNamespace(name) : there is no package called ‘binomialRF’
"
"160","Error in loadNamespace(name) : there is no package called ‘binomialRF’
"
"161","Error in loadNamespace(name) : there is no package called ‘binomialRF’
"
"162","Error in loadNamespace(name) : there is no package called ‘binomialRF’
"
"163","Error in loadNamespace(name) : there is no package called ‘binomialRF’
"
"164","Error in loadNamespace(name) : there is no package called ‘binomialRF’
"
"165","Error in loadNamespace(name) : there is no package called ‘binomialRF’
"
"166","Error in loadNamespace(name) : there is no package called ‘binomialRF’
"
"167","Error in loadNamespace(name) : there is no package called ‘binomialRF’
"
"168","Error in loadNamespace(name) : there is no package called ‘binomialRF’
"
"169","Error in loadNamespace(name) : there is no package called ‘binomialRF’
"
"170","Error in loadNamespace(name) : there is no package called ‘binomialRF’
"
"171","Error in loadNamespace(name) : there is no package called ‘binomialRF’
"
"172","Error in loadNamespace(name) : there is no package called ‘binomialRF’
"
"173","Error in loadNamespace(name) : there is no package called ‘binomialRF’
"
"174","Error in loadNamespace(name) : there is no package called ‘binomialRF’
"
"175","Error in loadNamespace(name) : there is no package called ‘binomialRF’
"
"176","Error in loadNamespace(name) : there is no package called ‘binomialRF’
"
"177","Error in loadNamespace(name) : there is no package called ‘binomialRF’
"
"178","Error in loadNamespace(name) : there is no package called ‘binomialRF’
"
"179","Error in loadNamespace(name) : there is no package called ‘binomialRF’
"
"180","Error in loadNamespace(name) : there is no package called ‘binomialRF’
"
"181","Error in loadNamespace(name) : there is no package called ‘binomialRF’
"
"182","Error in loadNamespace(name) : there is no package called ‘binomialRF’
"
"183","Error in loadNamespace(name) : there is no package called ‘binomialRF’
"
"184","Error in loadNamespace(name) : there is no package called ‘binomialRF’
"
"185","Error in loadNamespace(name) : there is no package called ‘binomialRF’
"
"186","Error in loadNamespace(name) : there is no package called ‘binomialRF’
"
"187","Error in loadNamespace(name) : there is no package called ‘binomialRF’
"
"188","Error in loadNamespace(name) : there is no package called ‘binomialRF’
"
"189","Error in loadNamespace(name) : there is no package called ‘binomialRF’
"
"190","Error in loadNamespace(name) : there is no package called ‘binomialRF’
"
"191","Error in loadNamespace(name) : there is no package called ‘binomialRF’
"
"192","Error in loadNamespace(name) : there is no package called ‘binomialRF’
"
"193","Error in loadNamespace(name) : there is no package called ‘binomialRF’
"
"194","Error in loadNamespace(name) : there is no package called ‘binomialRF’
"
"195","Error in loadNamespace(name) : there is no package called ‘binomialRF’
"
"196","Error in loadNamespace(name) : there is no package called ‘binomialRF’
"
"197","Error in loadNamespace(name) : there is no package called ‘binomialRF’
"
"198","Error in loadNamespace(name) : there is no package called ‘binomialRF’
"
"199","Error in loadNamespace(name) : there is no package called ‘binomialRF’
"
"200","Error in loadNamespace(name) : there is no package called ‘binomialRF’
"
"201","Error in loadNamespace(name) : there is no package called ‘binomialRF’
"
"202","Error in loadNamespace(name) : there is no package called ‘binomialRF’
"
"203","Error in loadNamespace(name) : there is no package called ‘binomialRF’
"
"204","Error in loadNamespace(name) : there is no package called ‘binomialRF’
"
"205","Error in loadNamespace(name) : there is no package called ‘binomialRF’
"
"206","Error in loadNamespace(name) : there is no package called ‘binomialRF’
"
"207","Error in loadNamespace(name) : there is no package called ‘binomialRF’
"
"208","Error in loadNamespace(name) : there is no package called ‘binomialRF’
"
"209","Error in loadNamespace(name) : there is no package called ‘binomialRF’
"
"210","Error in loadNamespace(name) : there is no package called ‘binomialRF’
"
"211","Error in loadNamespace(name) : there is no package called ‘binomialRF’
"
"212","Error in loadNamespace(name) : there is no package called ‘binomialRF’
"
"213","Error in loadNamespace(name) : there is no package called ‘binomialRF’
"
"214","Error in loadNamespace(name) : there is no package called ‘binomialRF’
"
"215","Error in loadNamespace(name) : there is no package called ‘binomialRF’
"
"216","Error in loadNamespace(name) : there is no package called ‘binomialRF’
"
"217","Error in loadNamespace(name) : there is no package called ‘binomialRF’
"
"218","Error in loadNamespace(name) : there is no package called ‘binomialRF’
"
"219","Error in loadNamespace(name) : there is no package called ‘binomialRF’
"
"220","Error in loadNamespace(name) : there is no package called ‘binomialRF’
"
"221","Error in loadNamespace(name) : there is no package called ‘binomialRF’
"
"222","Error in loadNamespace(name) : there is no package called ‘binomialRF’
"
"223","Error in loadNamespace(name) : there is no package called ‘binomialRF’
"
"224","Error in loadNamespace(name) : there is no package called ‘binomialRF’
"
"225","Error in loadNamespace(name) : there is no package called ‘binomialRF’
"
"226","Error in loadNamespace(name) : there is no package called ‘binomialRF’
"
"227","Error in loadNamespace(name) : there is no package called ‘binomialRF’
"
"228","Error in loadNamespace(name) : there is no package called ‘binomialRF’
"
"229","Error in loadNamespace(name) : there is no package called ‘binomialRF’
"
"230","Error in loadNamespace(name) : there is no package called ‘binomialRF’
"
"231","Error in loadNamespace(name) : there is no package called ‘binomialRF’
"
"232","Error in loadNamespace(name) : there is no package called ‘binomialRF’
"
"233","Error in loadNamespace(name) : there is no package called ‘binomialRF’
"
"234","Error in loadNamespace(name) : there is no package called ‘binomialRF’
"
"235","Error in loadNamespace(name) : there is no package called ‘binomialRF’
"
"236","Error in loadNamespace(name) : there is no package called ‘binomialRF’
"
"237","Error in loadNamespace(name) : there is no package called ‘binomialRF’
"
"238","Error in loadNamespace(name) : there is no package called ‘binomialRF’
"
"239","Error in loadNamespace(name) : there is no package called ‘binomialRF’
"
"240","Error in loadNamespace(name) : there is no package called ‘binomialRF’
"
"241","Error in loadNamespace(name) : there is no package called ‘binomialRF’
"
"242","Error in loadNamespace(name) : there is no package called ‘binomialRF’
"
"243","Error in loadNamespace(name) : there is no package called ‘binomialRF’
"
"244","Error in loadNamespace(name) : there is no package called ‘binomialRF’
"
"245","Error in loadNamespace(name) : there is no package called ‘binomialRF’
"
"246","Error in loadNamespace(name) : there is no package called ‘binomialRF’
"
"247","Error in loadNamespace(name) : there is no package called ‘binomialRF’
"
"248","Error in loadNamespace(name) : there is no package called ‘binomialRF’
"
"249","Error in loadNamespace(name) : there is no package called ‘binomialRF’
"
"250","Error in loadNamespace(name) : there is no package called ‘binomialRF’
"
"251","Error in loadNamespace(name) : there is no package called ‘binomialRF’
"
"252","Error in loadNamespace(name) : there is no package called ‘binomialRF’
"
"253","Error in loadNamespace(name) : there is no package called ‘binomialRF’
"
"254","Error in loadNamespace(name) : there is no package called ‘binomialRF’
"
"255","Error in loadNamespace(name) : there is no package called ‘binomialRF’
"
"256","Error in loadNamespace(name) : there is no package called ‘binomialRF’
"
"257","Error in loadNamespace(name) : there is no package called ‘binomialRF’
"
"258","Error in loadNamespace(name) : there is no package called ‘binomialRF’
"
"259","Error in loadNamespace(name) : there is no package called ‘binomialRF’
"
"260","Error in loadNamespace(name) : there is no package called ‘binomialRF’
"
"261","Error in loadNamespace(name) : there is no package called ‘binomialRF’
"
"262","Error in loadNamespace(name) : there is no package called ‘binomialRF’
"
"263","Error in loadNamespace(name) : there is no package called ‘binomialRF’
"
"264","Error in loadNamespace(name) : there is no package called ‘binomialRF’
"
"265","Error in loadNamespace(name) : there is no package called ‘binomialRF’
"
"266","Error in loadNamespace(name) : there is no package called ‘binomialRF’
"
"267","Error in loadNamespace(name) : there is no package called ‘binomialRF’
"
"268","Error in loadNamespace(name) : there is no package called ‘binomialRF’
"
"269","Error in loadNamespace(name) : there is no package called ‘binomialRF’
"
"270","Error in loadNamespace(name) : there is no package called ‘binomialRF’
"
"271","Error in loadNamespace(name) : there is no package called ‘binomialRF’
"
"272","Error in loadNamespace(name) : there is no package called ‘binomialRF’
"
"273","Error in loadNamespace(name) : there is no package called ‘binomialRF’
"
"274","Error in loadNamespace(name) : there is no package called ‘binomialRF’
"
"275","Error in loadNamespace(name) : there is no package called ‘binomialRF’
"
"276","Error in loadNamespace(name) : there is no package called ‘binomialRF’
"
"277","Error in loadNamespace(name) : there is no package called ‘binomialRF’
"
"278","Error in loadNamespace(name) : there is no package called ‘binomialRF’
"
"279","Error in loadNamespace(name) : there is no package called ‘binomialRF’
"
"280","Error in loadNamespace(name) : there is no package called ‘binomialRF’
"
"281","Error in loadNamespace(name) : there is no package called ‘binomialRF’
"
"282","Error in loadNamespace(name) : there is no package called ‘binomialRF’
"
"283","Error in loadNamespace(name) : there is no package called ‘binomialRF’
"
"284","Error in loadNamespace(name) : there is no package called ‘binomialRF’
"
"285","Error in loadNamespace(name) : there is no package called ‘binomialRF’
"
"286","Error in loadNamespace(name) : there is no package called ‘binomialRF’
"
"287","Error in loadNamespace(name) : there is no package called ‘binomialRF’
"
"288","Error in loadNamespace(name) : there is no package called ‘binomialRF’
"
"289","Error in loadNamespace(name) : there is no package called ‘binomialRF’
"
"290","Error in loadNamespace(name) : there is no package called ‘binomialRF’
"
"291","Error in loadNamespace(name) : there is no package called ‘binomialRF’
"
"292","Error in loadNamespace(name) : there is no package called ‘binomialRF’
"
"293","Error in loadNamespace(name) : there is no package called ‘binomialRF’
"
"294","Error in loadNamespace(name) : there is no package called ‘binomialRF’
"
"295","Error in loadNamespace(name) : there is no package called ‘binomialRF’
"
"296","Error in loadNamespace(name) : there is no package called ‘binomialRF’
"
"297","Error in loadNamespace(name) : there is no package called ‘binomialRF’
"
"298","Error in loadNamespace(name) : there is no package called ‘binomialRF’
"
"299","Error in loadNamespace(name) : there is no package called ‘binomialRF’
"
"300","Error in loadNamespace(name) : there is no package called ‘binomialRF’
"
"301","Error in loadNamespace(name) : there is no package called ‘binomialRF’
"
"302","Error in loadNamespace(name) : there is no package called ‘binomialRF’
"
"303","Error in loadNamespace(name) : there is no package called ‘binomialRF’
"
"304","Error in loadNamespace(name) : there is no package called ‘binomialRF’
"
"305","Error in loadNamespace(name) : there is no package called ‘binomialRF’
"
"306","Error in loadNamespace(name) : there is no package called ‘binomialRF’
"
"307","Error in loadNamespace(name) : there is no package called ‘binomialRF’
"
"308","Error in loadNamespace(name) : there is no package called ‘binomialRF’
"
"309","Error in loadNamespace(name) : there is no package called ‘binomialRF’
"
"310","Error in loadNamespace(name) : there is no package called ‘binomialRF’
"
"311","Error in loadNamespace(name) : there is no package called ‘binomialRF’
"
"312","Error in loadNamespace(name) : there is no package called ‘binomialRF’
"
"313","Error in loadNamespace(name) : there is no package called ‘binomialRF’
"
"314","Error in loadNamespace(name) : there is no package called ‘binomialRF’
"
"315","Error in loadNamespace(name) : there is no package called ‘binomialRF’
"
"316","Error in loadNamespace(name) : there is no package called ‘binomialRF’
"
"317","Error in loadNamespace(name) : there is no package called ‘binomialRF’
"
"318","Error in loadNamespace(name) : there is no package called ‘binomialRF’
"
"319","Error in loadNamespace(name) : there is no package called ‘binomialRF’
"
"320","Error in loadNamespace(name) : there is no package called ‘binomialRF’
"
"321","Error in loadNamespace(name) : there is no package called ‘binomialRF’
"
"322","Error in loadNamespace(name) : there is no package called ‘binomialRF’
"
"323","Error in loadNamespace(name) : there is no package called ‘binomialRF’
"
"324","Error in loadNamespace(name) : there is no package called ‘binomialRF’
"
"325","Error in loadNamespace(name) : there is no package called ‘binomialRF’
"
"326","Error in loadNamespace(name) : there is no package called ‘binomialRF’
"
"327","Error in loadNamespace(name) : there is no package called ‘binomialRF’
"
"328","Error in loadNamespace(name) : there is no package called ‘binomialRF’
"
"329","Error in loadNamespace(name) : there is no package called ‘binomialRF’
"
"330","Error in loadNamespace(name) : there is no package called ‘binomialRF’
"
"331","Error in loadNamespace(name) : there is no package called ‘binomialRF’
"
"332","Error in loadNamespace(name) : there is no package called ‘binomialRF’
"
"333","Error in loadNamespace(name) : there is no package called ‘binomialRF’
"
"334","Error in loadNamespace(name) : there is no package called ‘binomialRF’
"
"335","Error in loadNamespace(name) : there is no package called ‘binomialRF’
"
"336","Error in loadNamespace(name) : there is no package called ‘binomialRF’
"
"337","Error in loadNamespace(name) : there is no package called ‘binomialRF’
"
"338","Error in loadNamespace(name) : there is no package called ‘binomialRF’
"
"339","Error in loadNamespace(name) : there is no package called ‘binomialRF’
"
"340","Error in loadNamespace(name) : there is no package called ‘binomialRF’
"
"341","Error in loadNamespace(name) : there is no package called ‘binomialRF’
"
"342","Error in loadNamespace(name) : there is no package called ‘binomialRF’
"
"343","Error in loadNamespace(name) : there is no package called ‘binomialRF’
"
"344","Error in loadNamespace(name) : there is no package called ‘binomialRF’
"
"345","Error in loadNamespace(name) : there is no package called ‘binomialRF’
"
"346","Error in loadNamespace(name) : there is no package called ‘binomialRF’
"
"347","Error in loadNamespace(name) : there is no package called ‘binomialRF’
"
"348","Error in loadNamespace(name) : there is no package called ‘binomialRF’
"
"349","Error in loadNamespace(name) : there is no package called ‘binomialRF’
"
"350","Error in loadNamespace(name) : there is no package called ‘binomialRF’
"
"351","Error in loadNamespace(name) : there is no package called ‘binomialRF’
"
"352","Error in loadNamespace(name) : there is no package called ‘binomialRF’
"
"353","Error in loadNamespace(name) : there is no package called ‘binomialRF’
"
"354","Error in loadNamespace(name) : there is no package called ‘binomialRF’
"
"355","Error in loadNamespace(name) : there is no package called ‘binomialRF’
"
"356","Error in loadNamespace(name) : there is no package called ‘binomialRF’
"
"357","Error in loadNamespace(name) : there is no package called ‘binomialRF’
"
"358","Error in loadNamespace(name) : there is no package called ‘binomialRF’
"
"359","Error in loadNamespace(name) : there is no package called ‘binomialRF’
"
"360","Error in loadNamespace(name) : there is no package called ‘binomialRF’
"
"361","Error in loadNamespace(name) : there is no package called ‘binomialRF’
"
"362","Error in loadNamespace(name) : there is no package called ‘binomialRF’
"
"363","Error in loadNamespace(name) : there is no package called ‘binomialRF’
"
"364","Error in loadNamespace(name) : there is no package called ‘binomialRF’
"
"365","Error in loadNamespace(name) : there is no package called ‘binomialRF’
"
"366","Error in loadNamespace(name) : there is no package called ‘binomialRF’
"
"367","Error in loadNamespace(name) : there is no package called ‘binomialRF’
"
"368","Error in loadNamespace(name) : there is no package called ‘binomialRF’
"
"369","Error in loadNamespace(name) : there is no package called ‘binomialRF’
"
"370","Error in loadNamespace(name) : there is no package called ‘binomialRF’
"
"371","Error in loadNamespace(name) : there is no package called ‘binomialRF’
"
"372","Error in loadNamespace(name) : there is no package called ‘binomialRF’
"
"373","Error in loadNamespace(name) : there is no package called ‘binomialRF’
"
"374","Error in loadNamespace(name) : there is no package called ‘binomialRF’
"
"375","Error in loadNamespace(name) : there is no package called ‘binomialRF’
"
"376","Error in loadNamespace(name) : there is no package called ‘binomialRF’
"
"377","Error in loadNamespace(name) : there is no package called ‘binomialRF’
"
"378","Error in loadNamespace(name) : there is no package called ‘binomialRF’
"
"379","Error in loadNamespace(name) : there is no package called ‘binomialRF’
"
"380","Error in loadNamespace(name) : there is no package called ‘binomialRF’
"
"381","Error in loadNamespace(name) : there is no package called ‘binomialRF’
"
"382","Error in loadNamespace(name) : there is no package called ‘binomialRF’
"
"383","Error in loadNamespace(name) : there is no package called ‘binomialRF’
"
"384","Error in loadNamespace(name) : there is no package called ‘binomialRF’
"
"385","Error in loadNamespace(name) : there is no package called ‘binomialRF’
"
"386","Error in loadNamespace(name) : there is no package called ‘binomialRF’
"
"387","Error in loadNamespace(name) : there is no package called ‘binomialRF’
"
"388","Error in loadNamespace(name) : there is no package called ‘binomialRF’
"
"389","Error in loadNamespace(name) : there is no package called ‘binomialRF’
"
"390","Error in loadNamespace(name) : there is no package called ‘binomialRF’
"
"391","Error in loadNamespace(name) : there is no package called ‘binomialRF’
"
"392","Error in loadNamespace(name) : there is no package called ‘binomialRF’
"
"393","Error in loadNamespace(name) : there is no package called ‘binomialRF’
"
"394","Error in loadNamespace(name) : there is no package called ‘binomialRF’
"
"395","Error in loadNamespace(name) : there is no package called ‘binomialRF’
"
"396","Error in loadNamespace(name) : there is no package called ‘binomialRF’
"
"397","Error in loadNamespace(name) : there is no package called ‘binomialRF’
"
"398","Error in loadNamespace(name) : there is no package called ‘binomialRF’
"
"399","Error in loadNamespace(name) : there is no package called ‘binomialRF’
"
"400","Error in loadNamespace(name) : there is no package called ‘binomialRF’
"
"401","Error in loadNamespace(name) : there is no package called ‘binomialRF’
"
"402","Error in loadNamespace(name) : there is no package called ‘binomialRF’
"
"403","Error in loadNamespace(name) : there is no package called ‘binomialRF’
"
"404","Error in loadNamespace(name) : there is no package called ‘binomialRF’
"
"405","Error in loadNamespace(name) : there is no package called ‘binomialRF’
"
"406","Error in loadNamespace(name) : there is no package called ‘binomialRF’
"
"407","Error in loadNamespace(name) : there is no package called ‘binomialRF’
"
"408","Error in loadNamespace(name) : there is no package called ‘binomialRF’
"
"409","Error in loadNamespace(name) : there is no package called ‘binomialRF’
"
"410","Error in loadNamespace(name) : there is no package called ‘binomialRF’
"
"411","Error in loadNamespace(name) : there is no package called ‘binomialRF’
"
"412","Error in loadNamespace(name) : there is no package called ‘binomialRF’
"
"413","Error in loadNamespace(name) : there is no package called ‘binomialRF’
"
"414","Error in loadNamespace(name) : there is no package called ‘binomialRF’
"
"415","Error in loadNamespace(name) : there is no package called ‘binomialRF’
"
"416","Error in loadNamespace(name) : there is no package called ‘binomialRF’
"
"417","Error in loadNamespace(name) : there is no package called ‘binomialRF’
"
"418","Error in loadNamespace(name) : there is no package called ‘binomialRF’
"
"419","Error in loadNamespace(name) : there is no package called ‘binomialRF’
"
"420","Error in loadNamespace(name) : there is no package called ‘binomialRF’
"
"421","Error in loadNamespace(name) : there is no package called ‘binomialRF’
"
"422","Error in loadNamespace(name) : there is no package called ‘binomialRF’
"
"423","Error in loadNamespace(name) : there is no package called ‘binomialRF’
"
"424","Error in loadNamespace(name) : there is no package called ‘binomialRF’
"
"425","Error in loadNamespace(name) : there is no package called ‘binomialRF’
"
"426","Error in loadNamespace(name) : there is no package called ‘binomialRF’
"
"427","Error in loadNamespace(name) : there is no package called ‘binomialRF’
"
"428","Error in loadNamespace(name) : there is no package called ‘binomialRF’
"
"429","Error in loadNamespace(name) : there is no package called ‘binomialRF’
"
"430","Error in loadNamespace(name) : there is no package called ‘binomialRF’
"
"431","Error in loadNamespace(name) : there is no package called ‘binomialRF’
"
"432","Error in loadNamespace(name) : there is no package called ‘binomialRF’
"
"433","Error in loadNamespace(name) : there is no package called ‘binomialRF’
"
"434","Error in loadNamespace(name) : there is no package called ‘binomialRF’
"
"435","Error in loadNamespace(name) : there is no package called ‘binomialRF’
"
"436","Error in loadNamespace(name) : there is no package called ‘binomialRF’
"
"437","Error in loadNamespace(name) : there is no package called ‘binomialRF’
"
"438","Error in loadNamespace(name) : there is no package called ‘binomialRF’
"
"439","Error in loadNamespace(name) : there is no package called ‘binomialRF’
"
"440","Error in loadNamespace(name) : there is no package called ‘binomialRF’
"
"441","Error in loadNamespace(name) : there is no package called ‘binomialRF’
"
"442","Error in loadNamespace(name) : there is no package called ‘binomialRF’
"
"443","Error in loadNamespace(name) : there is no package called ‘binomialRF’
"
"444","Error in loadNamespace(name) : there is no package called ‘binomialRF’
"
"445","Error in loadNamespace(name) : there is no package called ‘binomialRF’
"
"446","Error in loadNamespace(name) : there is no package called ‘binomialRF’
"
"447","Error in loadNamespace(name) : there is no package called ‘binomialRF’
"
"448","Error in loadNamespace(name) : there is no package called ‘binomialRF’
"
"449","Error in loadNamespace(name) : there is no package called ‘binomialRF’
"
"450","Error in loadNamespace(name) : there is no package called ‘binomialRF’
"
"451","Error in loadNamespace(name) : there is no package called ‘binomialRF’
"
"452","Error in loadNamespace(name) : there is no package called ‘binomialRF’
"
"453","Error in loadNamespace(name) : there is no package called ‘binomialRF’
"
"454","Error in loadNamespace(name) : there is no package called ‘binomialRF’
"
"455","Error in loadNamespace(name) : there is no package called ‘binomialRF’
"
"456","Error in loadNamespace(name) : there is no package called ‘binomialRF’
"
"457","Error in loadNamespace(name) : there is no package called ‘binomialRF’
"
"458","Error in loadNamespace(name) : there is no package called ‘binomialRF’
"
"459","Error in loadNamespace(name) : there is no package called ‘binomialRF’
"
"460","Error in loadNamespace(name) : there is no package called ‘binomialRF’
"
"461","Error in loadNamespace(name) : there is no package called ‘binomialRF’
"
"462","Error in loadNamespace(name) : there is no package called ‘binomialRF’
"
"463","Error in loadNamespace(name) : there is no package called ‘binomialRF’
"
"464","Error in loadNamespace(name) : there is no package called ‘binomialRF’
"
"465","Error in loadNamespace(name) : there is no package called ‘binomialRF’
"
"466","Error in loadNamespace(name) : there is no package called ‘binomialRF’
"
"467","Error in loadNamespace(name) : there is no package called ‘binomialRF’
"
"468","Error in loadNamespace(name) : there is no package called ‘binomialRF’
"
"469","Error in loadNamespace(name) : there is no package called ‘binomialRF’
"
"470","Error in loadNamespace(name) : there is no package called ‘binomialRF’
"
"471","Error in loadNamespace(name) : there is no package called ‘binomialRF’
"
"472","Error in loadNamespace(name) : there is no package called ‘binomialRF’
"
"473","Error in loadNamespace(name) : there is no package called ‘binomialRF’
"
"474","Error in loadNamespace(name) : there is no package called ‘binomialRF’
"
"475","Error in loadNamespace(name) : there is no package called ‘binomialRF’
"
"476","Error in loadNamespace(name) : there is no package called ‘binomialRF’
"
"477","Error in loadNamespace(name) : there is no package called ‘binomialRF’
"
"478","Error in loadNamespace(name) : there is no package called ‘binomialRF’
"
"479","Error in loadNamespace(name) : there is no package called ‘binomialRF’
"
"480","Error in loadNamespace(name) : there is no package called ‘binomialRF’
"
"481","Error in loadNamespace(name) : there is no package called ‘binomialRF’
"
"482","Error in loadNamespace(name) : there is no package called ‘binomialRF’
"
"483","Error in loadNamespace(name) : there is no package called ‘binomialRF’
"
"484","Error in loadNamespace(name) : there is no package called ‘binomialRF’
"
"485","Error in loadNamespace(name) : there is no package called ‘binomialRF’
"
"486","Error in loadNamespace(name) : there is no package called ‘binomialRF’
"
"487","Error in loadNamespace(name) : there is no package called ‘binomialRF’
"
"488","Error in loadNamespace(name) : there is no package called ‘binomialRF’
"
"489","Error in loadNamespace(name) : there is no package called ‘binomialRF’
"
"490","Error in loadNamespace(name) : there is no package called ‘binomialRF’
"
"491","Error in loadNamespace(name) : there is no package called ‘binomialRF’
"
"492","Error in loadNamespace(name) : there is no package called ‘binomialRF’
"
"493","Error in loadNamespace(name) : there is no package called ‘binomialRF’
"
"494","Error in loadNamespace(name) : there is no package called ‘binomialRF’
"
"495","Error in loadNamespace(name) : there is no package called ‘binomialRF’
"
"496","Error in loadNamespace(name) : there is no package called ‘binomialRF’
"
"497","Error in loadNamespace(name) : there is no package called ‘binomialRF’
"
"498","Error in loadNamespace(name) : there is no package called ‘binomialRF’
"
"499","Error in loadNamespace(name) : there is no package called ‘binomialRF’
"
"500","Error in loadNamespace(name) : there is no package called ‘binomialRF’
"
